реестр_этапов_q3.csv — реестр этапов договоров за III квартал 2026 (сырой, без оценок)
договор;этап;плановая_дата;фактическая_дата;плановая_сумма;фактическая_сумма;акт
ДГ-2026/114;Поставка оборудования;2026-07-15;2026-07-18;1180000;1180000;АКТ-114-1
ДГ-2026/114;Монтаж;2026-08-20;2026-09-02;940000;1012000;АКТ-114-2
ДГ-2026/127;Каналы связи I;2026-07-10;2026-07-10;610000;610000;АКТ-127-1
ДГ-2026/127;Каналы связи II;2026-08-30;;540000;;
ДГ-2026/131;СМР этап 1;2026-07-25;2026-08-14;2310000;2498000;АКТ-131-1
ДГ-2026/131;СМР этап 2;2026-09-20;;1870000;;
ДГ-2026/140;Витрина данных;2026-08-05;2026-08-05;780000;780000;АКТ-140-1
ДГ-2026/140;Доработка отчётов;2026-09-15;2026-09-29;320000;412000;АКТ-140-2
ДГ-2026/152;Обучение группы 1;2026-07-30;2026-07-30;150000;150000;АКТ-152-1
ДГ-2026/152;Обучение группы 2;2026-09-10;;150000;;
